{"TOT_POP": [0, 153337.625], "0-9": [0, 18321.75], "19-Oct": [0, 19993.875], "20-29": [0, 20545.0], "30-39": [0, 18936.5], "40-49": [0, 18433.375], "50-59": [0, 20668.625], "60-69": [0, 19561.5], "70-79": [0, 12508.875], "80+": [0, 6449.875], "White-alone pop": [0, 133951.25], "Black-alone pop": [0, 14199.5], "Native American/American Indian-alone pop": [0, 1555.5], "Asian-alone pop": [0, 2080.125], "Hawaiian/Pacific Islander-alone pop": [0, 165.0], "Two or more races pop": [0, 3472.5], "POP_ESTIMATE_2018": [0, 153337.625], "N_POP_CHG_2018": [0, 868.25], "GQ_ESTIMATES_2018": [0, 5349.75], "R_birth_2018": [5.649999999999998, 16.450000000000003], "R_death_2018": [3.4499999999999993, 17.45], "R_NATURAL_INC_2018": [0, 10.2], "R_INTERNATIONAL_MIG_2018": [0, 3.25], "R_DOMESTIC_MIG_2018": [0, 24.299999999999997], "R_NET_MIG_2018": [0, 24.562499999999996], "Less than a high school diploma 2014-18": [0, 12888.375], "High school diploma only 2014-18": [0, 33826.25], "Some college or associate's degree 2014-18": [0, 32587.75], "Bachelor's degree or higher 2014-18": [0, 24439.25], "POVALL_2018": [0, 21097.625], "PCTPOVALL_2018": [0, 29.55], "PCTPOV017_2018": [0, 44.0], "PCTPOV517_2018": [0, 42.14999999999999], "MEDHHINC_2018": [20959.125, 81540.125], "CI90LBINC_2018": [18106.25, 75818.25], "CI90UBINC_2018": [24272.375, 86579.375], "Civilian_labor_force_2018": [0, 71711.0], "Employed_2018": [0, 68788.25], "Unemployed_2018": [0, 2889.5], "Unemployment_rate_2018": [0.5500000000000003, 7.35], "Median_Household_Income_2018": [20959.125, 81540.125], "Med_HH_Income_Percent_of_State_Total_2018": [41.7, 133.7], "Active Physicians per 100000 Population 2018 (AAMC)": [150.79999999999995, 355.6], "Total Active Patient Care Physicians per 100000 Population 2018 (AAMC)": [146.20000000000005, 297.4], "Active Primary Care Physicians per 100000 Population 2018 (AAMC)": [54.64999999999998, 119.85000000000002], "Active Patient Care Primary Care Physicians per 100000 Population 2018 (AAMC)": [51.45000000000001, 108.65], "Active General Surgeons per 100000 Population 2018 (AAMC)": [4.8, 10.400000000000002], "Active Patient Care General Surgeons per 100000 Population 2018 (AAMC)": [4.449999999999999, 8.850000000000001], "Total nurse practitioners (2019)": [0, 79.88024761137498], "Total physician assistants (2019)": [0, 42.782360291625], "Total Hospitals (2019)": [0, 2.9057676592500004], "Internal Medicine Primary Care (2019)": [0, 84.99048587812501], "Family Medicine/General Practice Primary Care (2019)": [0, 70.31241441825], "Total Specialist Physicians (2019)": [0, 237.56324629249997], "ICU Beds_x": [0, 30.0], "Total Population": [0, 152301.375], "Population Aged 60+": [0, 36043.5], "Percent of Population Aged 60+": [11.299999999999997, 37.7], "CNTY_FIPS": [0, 280.0], "county_pop2018_18 and older": [0, 119360.25], "anycondition_Lower 95% CI": [28.649999999999995, 61.05], "anycondition_Upper 95% CI": [32.849999999999994, 65.25], "anycondition_number": [0, 56180.625], "Obesity_prevalence": [24.15, 46.15], "Obesity_Lower 95% CI": [22.550000000000004, 44.54999999999999], "Obesity_Upper 95% CI": [25.712500000000002, 47.8125], "Obesity_number": [0, 41743.75], "Heart disease_prevalence": [3.8, 13.400000000000002], "Heart disease_Lower 95% CI": [3.4, 12.200000000000001], "Heart disease_Upper 95% CI": [4.449999999999999, 14.45], "Heart disease_number": [0, 9742.25], "COPD_prevalence": [2.3500000000000005, 15.549999999999999], "COPD_Lower 95% CI": [1.9500000000000002, 13.549999999999999], "COPD_Upper 95% CI": [3.1000000000000005, 17.5], "COPD_number": [0, 10595.0], "diabetes_prevalence": [5.799999999999997, 20.200000000000003], "diabetes_Lower 95% CI": [5.200000000000003, 18.799999999999997], "diabetes_Upper 95% CI": [6.399999999999999, 21.6], "diabetes_number": [0, 14916.5], "CKD_prevalence": [2.0500000000000007, 4.85], "CKD_Lower 95% CI": [1.9999999999999998, 4.4], "CKD_Upper 95% CI": [2.1, 5.299999999999999], "CKD_number": [0, 3968.5]}